Company Name,Website URL,Contact Info
Evroc | Building Europe’s Cloud,https://evroc.com,Not found
"Cloud Computing, Cloud Infrastructure - Scaleway",https://www.scaleway.com/en/,Not found
Gcore — Global cloud and edge solutions,https://gcore.com,contact@gcore.com
Skaylink – Your Cloud Partner,https://www.skaylink.com/,info@skaylink.com
Gigas: Secure Cloud Hosting Services,https://gigas.com/en,comunicacion@gigas.com
Safe Swiss Cloud | IT Infrastructure for Enterprises,https://safeswisscloud.com,info@safeswisscloud.com
Cyso | Managed Hosting & Cloud solutions,https://cyso.cloud,info@cyso.com
ACCURE Battery Intelligence | Cloud-based analytics,https://accure.net,info@accure.net
WeAreBrain | Digital & Cloud Innovation Agency,https://www.wearebrain.com,hello@wearebrain.com
Unikraft – Unikernels Made Easy,https://www.unikraft.org,info@unikraft.org
